time,sym,src,price,size
2024-01-26D08:00:17.350000000,CSCO,N,35.46,2367
2024-01-26D08:00:30.245000000,DELL,N,29.05,27
2024-01-26D08:01:40.842000000,AAPL,L,25.37,2797
2024-01-26D08:02:11.579000000,CSCO,L,35.46,1714
2024-01-26D08:02:12.246000000,YHOO,N,35.5,166
2024-01-26D08:03:07.279000000,IBM,N,43.59,3108
2024-01-26D08:04:16.177000000,IBM,L,43.55,5474
2024-01-26D08:04:24.066000000,NOK,O,31.82,314
2024-01-26D08:04:44.371000000,YHOO,O,35.45,7384
2024-01-26D08:04:59.973000000,IBM,L,43.55,9806
2024-01-26D08:05:21.437000000,AAPL,N,25.29,2886
2024-01-26D08:05:36.455000000,ORCL,O,32.19,364
2024-01-26D08:05:56.691000000,ORCL,O,32.16,412
2024-01-26D08:07:52.717000000,YHOO,O,35.44,574
2024-01-26D08:08:03.351000000,MSFT,N,36.09,2983
2024-01-26D08:09:22.271000000,YHOO,O,35.43,1177
2024-01-26D08:10:15.958000000,ORCL,O,32.22,4970
2024-01-26D08:10:29.918000000,ORCL,O,32.21,203
2024-01-26D08:10:37.457000000,GOOG,L,41.29,1902
2024-01-26D08:11:24.604000000,GOOG,N,41.33,3150
2024-01-26D08:11:48.083000000,CSCO,O,35.43,6038
2024-01-26D08:12:09.352000000,MSFT,N,36.06,6358
2024-01-26D08:12:30.007000000,MSFT,L,36.07,5369
2024-01-26D08:13:32.270000000,DELL,N,29.08,1736
2024-01-26D08:14:08.338000000,DELL,N,29.1,5019
2024-01-26D08:14:08.697000000,CSCO,L,35.36,6410
2024-01-26D08:14:13.677000000,AAPL,N,25.27,57
2024-01-26D08:14:15.073000000,CSCO,L,35.39,4101
2024-01-26D08:14:19.067000000,IBM,L,43.55,179
2024-01-26D08:14:47.598000000,AAPL,N,25.3,2552
2024-01-26D08:14:48.955000000,MSFT,L,36.12,297
2024-01-26D08:16:12.534000000,NOK,O,31.85,1878
2024-01-26D08:16:22.079000000,YHOO,O,35.44,2056
2024-01-26D08:16:54.462000000,NOK,N,31.81,1110
2024-01-26D08:17:49.148000000,GOOG,L,41.31,2133
2024-01-26D08:18:04.621000000,GOOG,L,41.31,2623
2024-01-26D08:18:23.141000000,MSFT,O,36.11,152
2024-01-26D08:18:33.325000000,ORCL,O,32.14,2566
2024-01-26D08:18:43.739000000,IBM,O,43.53,4702
2024-01-26D08:19:08.203000000,YHOO,N,35.5,371
2024-01-26D08:19:19.627000000,NOK,O,31.84,1393
2024-01-26D08:19:22.906000000,AAPL,O,25.27,1945
2024-01-26D08:19:33.087000000,IBM,O,43.55,206
2024-01-26D08:19:35.645000000,MSFT,L,36.12,1030
2024-01-26D08:20:40.082000000,NOK,N,31.78,1929
2024-01-26D08:21:20.760000000,MSFT,O,36.07,3436
2024-01-26D08:23:02.952000000,ORCL,L,32.17,6450
2024-01-26D08:23:05.969000000,AAPL,O,25.21,997
2024-01-26D08:23:06.819000000,YHOO,N,35.47,3803
2024-01-26D08:24:02.048000000,DELL,O,29.09,1396
2024-01-26D08:24:27.125000000,MSFT,O,36.12,6383
2024-01-26D08:24:38.804000000,IBM,N,43.56,956
2024-01-26D08:25:07.549000000,DELL,O,29.09,108
2024-01-26D08:25:45.583000000,YHOO,O,35.47,2589
2024-01-26D08:26:42.907000000,DELL,L,29.1,463
2024-01-26D08:28:32.607000000,AAPL,O,25.22,5166
2024-01-26D08:29:24.201000000,YHOO,L,35.48,5488
2024-01-26D08:29:30.642000000,GOOG,N,41.28,825
2024-01-26D08:29:31.232000000,GOOG,N,41.28,4780
2024-01-26D08:30:17.824000000,DELL,O,29.04,1329
2024-01-26D08:31:02.488000000,MSFT,L,36.05,845
2024-01-26D08:31:54.164000000,DELL,N,29.1,4625
2024-01-26D08:32:58.895000000,CSCO,L,35.35,1757
2024-01-26D08:33:35.987000000,AAPL,L,25.18,4579
2024-01-26D08:33:37.480000000,IBM,N,43.7,2091
2024-01-26D08:33:53.653000000,MSFT,O,36.12,4067
2024-01-26D08:34:01.151000000,AAPL,L,25.14,5290
2024-01-26D08:34:34.754000000,AAPL,O,25.12,1535
2024-01-26D08:35:26.785000000,NOK,L,31.8,470
2024-01-26D08:35:52.188000000,AAPL,N,25.15,3413
2024-01-26D08:37:17.720000000,IBM,N,43.62,6544
2024-01-26D08:38:27.534000000,AAPL,O,25.18,514
2024-01-26D08:38:36.059000000,YHOO,N,35.42,7149
2024-01-26D08:39:10.740000000,NOK,N,31.81,120
2024-01-26D08:39:24.010000000,DELL,O,29.1,208
2024-01-26D08:39:38.859000000,NOK,N,31.82,18
2024-01-26D08:40:51.303000000,CSCO,N,35.38,4498
2024-01-26D08:42:03.055000000,ORCL,N,32.17,135
2024-01-26D08:42:16.933000000,ORCL,N,32.14,6342
2024-01-26D08:42:18.951000000,AAPL,L,25.16,1902
2024-01-26D08:42:32.028000000,IBM,O,43.63,5431
2024-01-26D08:42:37.510000000,GOOG,N,41.24,4959
2024-01-26D08:42:43.372000000,ORCL,N,32.14,7343
2024-01-26D08:42:52.428000000,ORCL,L,32.13,5494
2024-01-26D08:43:27.203000000,DELL,N,29.07,3150
2024-01-26D08:43:48.297000000,NOK,L,31.83,3850
2024-01-26D08:45:18.428000000,DELL,L,29.15,3081
2024-01-26D08:45:22.191000000,NOK,L,31.81,121
2024-01-26D08:46:12.568000000,YHOO,O,35.42,1386
2024-01-26D08:46:14.450000000,NOK,L,31.82,4119
2024-01-26D08:47:15.737000000,GOOG,L,41.29,7592
2024-01-26D08:47:34.411000000,MSFT,N,36.1,4654
2024-01-26D08:48:02.939000000,ORCL,N,32.19,520
2024-01-26D08:48:08.225000000,YHOO,L,35.38,68
2024-01-26D08:48:12.735000000,CSCO,L,35.38,30
2024-01-26D08:49:20.126000000,MSFT,N,36.08,240
2024-01-26D08:49:33.238000000,GOOG,O,41.32,3863
2024-01-26D08:49:59.576000000,ORCL,O,32.17,4301
2024-01-26D08:50:12.465000000,IBM,O,43.56,602
2024-01-26D08:51:07.592000000,NOK,O,31.82,4596
2024-01-26D08:53:29.640000000,MSFT,N,36.02,1321
2024-01-26D08:54:07.266000000,ORCL,L,32.23,4114
2024-01-26D08:54:40.797000000,ORCL,L,32.21,144
2024-01-26D08:54:58.736000000,CSCO,L,35.46,2184
2024-01-26D08:55:10.574000000,DELL,N,29.14,3224
2024-01-26D08:55:24.634000000,NOK,N,31.81,136
2024-01-26D08:55:58.889000000,YHOO,O,35.34,673
2024-01-26D08:56:28.000000000,ORCL,O,32.24,360
2024-01-26D08:57:18.919000000,YHOO,N,35.39,2894
2024-01-26D08:57:42.049000000,CSCO,N,35.41,2689
2024-01-26D08:59:16.747000000,AAPL,O,25.2,731
2024-01-26D08:59:19.522000000,CSCO,O,35.43,3301
2024-01-26D09:00:16.478000000,GOOG,L,41.29,2178
2024-01-26D09:00:20.084000000,DELL,O,29.14,1626
2024-01-26D09:00:22.593000000,YHOO,L,35.39,522
2024-01-26D09:01:05.777000000,MSFT,L,35.94,397
2024-01-26D09:01:28.668000000,DELL,O,29.17,3046
2024-01-26D09:02:40.293000000,CSCO,L,35.46,1089
2024-01-26D09:02:43.717000000,AAPL,O,25.22,490
2024-01-26D09:02:58.956000000,CSCO,L,35.46,2260
2024-01-26D09:03:17.619000000,NOK,N,31.77,363
2024-01-26D09:03:24.544000000,CSCO,L,35.5,6452
2024-01-26D09:03:52.926000000,DELL,N,29.1,2331
2024-01-26D09:04:08.245000000,GOOG,O,41.2,959
2024-01-26D09:04:31.417000000,DELL,N,29.14,906
2024-01-26D09:04:59.485000000,DELL,O,29.15,2365
2024-01-26D09:05:14.834000000,NOK,O,31.75,1868
2024-01-26D09:06:13.435000000,YHOO,N,35.36,2988
2024-01-26D09:06:22.556000000,AAPL,L,25.24,1693
2024-01-26D09:06:57.928000000,MSFT,O,35.92,246
2024-01-26D09:07:08.785000000,CSCO,N,35.52,1295
2024-01-26D09:07:12.668000000,IBM,L,43.5,3671
2024-01-26D09:07:14.943000000,ORCL,N,32.12,8419
2024-01-26D09:07:32.553000000,NOK,N,31.75,2111
2024-01-26D09:07:39.434000000,DELL,O,29.11,38
2024-01-26D09:07:43.215000000,IBM,N,43.53,7316
2024-01-26D09:07:50.290000000,DELL,O,29.12,624
2024-01-26D09:08:34.960000000,GOOG,L,41.21,1534
2024-01-26D09:09:01.844000000,CSCO,O,35.47,6573
2024-01-26D09:09:24.011000000,CSCO,O,35.51,8307
2024-01-26D09:09:39.525000000,DELL,N,29.14,220
2024-01-26D09:09:58.336000000,ORCL,O,32.07,3774
2024-01-26D09:09:59.873000000,GOOG,N,41.25,314
2024-01-26D09:10:32.386000000,DELL,L,29.15,2591
2024-01-26D09:11:33.396000000,DELL,L,29.13,6907
2024-01-26D09:12:38.847000000,GOOG,O,41.25,443
2024-01-26D09:13:43.953000000,YHOO,L,35.39,3106
2024-01-26D09:14:56.783000000,YHOO,L,35.39,3125
2024-01-26D09:15:25.667000000,ORCL,O,32.1,8882
2024-01-26D09:15:43.316000000,NOK,N,31.76,6997
2024-01-26D09:16:02.609000000,MSFT,L,35.93,3245
2024-01-26D09:16:24.832000000,CSCO,O,35.5,780
2024-01-26D09:16:27.191000000,DELL,L,29.14,702
2024-01-26D09:16:39.772000000,GOOG,N,41.27,715
2024-01-26D09:16:40.317000000,AAPL,N,25.24,7961
2024-01-26D09:16:43.421000000,ORCL,N,32.04,474
2024-01-26D09:16:49.645000000,NOK,O,31.76,9875
2024-01-26D09:16:52.416000000,ORCL,N,32.04,421
2024-01-26D09:16:53.759000000,ORCL,N,32.07,1371
2024-01-26D09:17:07.390000000,CSCO,L,35.53,2326
2024-01-26D09:17:59.600000000,IBM,O,43.43,166
2024-01-26D09:18:14.973000000,AAPL,L,25.27,865
2024-01-26D09:19:13.994000000,ORCL,L,32.05,5219
2024-01-26D09:20:22.156000000,NOK,L,31.79,2753
2024-01-26D09:20:34.622000000,CSCO,L,35.5,33
2024-01-26D09:20:48.148000000,DELL,O,29.19,5141
2024-01-26D09:21:07.184000000,MSFT,O,35.98,710
2024-01-26D09:21:20.803000000,MSFT,O,35.98,1894
2024-01-26D09:21:42.794000000,ORCL,O,32.06,4487
2024-01-26D09:23:18.932000000,MSFT,O,35.98,1904
2024-01-26D09:24:08.041000000,MSFT,N,35.99,1176
2024-01-26D09:25:26.885000000,NOK,N,31.79,498
2024-01-26D09:26:35.704000000,YHOO,L,35.38,712
2024-01-26D09:26:36.448000000,IBM,N,43.42,1329
2024-01-26D09:28:21.965000000,GOOG,L,41.31,5473
2024-01-26D09:29:16.267000000,CSCO,L,35.45,1907
2024-01-26D09:29:25.313000000,NOK,N,31.71,2794
2024-01-26D09:29:38.473000000,ORCL,L,32.06,4057
2024-01-26D09:30:08.823000000,IBM,O,43.49,4006
2024-01-26D09:30:23.655000000,IBM,O,43.49,296
2024-01-26D09:31:02.939000000,IBM,O,43.5,3009
2024-01-26D09:31:29.815000000,MSFT,O,36.01,872
2024-01-26D09:32:33.696000000,NOK,L,31.73,2811
2024-01-26D09:32:35.667000000,AAPL,N,25.27,547
2024-01-26D09:34:51.266000000,ORCL,L,32.05,1621
2024-01-26D09:34:59.897000000,ORCL,O,32.07,833
2024-01-26D09:35:54.943000000,NOK,N,31.71,421
2024-01-26D09:36:13.795000000,YHOO,L,35.38,1843
2024-01-26D09:36:21.432000000,YHOO,L,35.38,1603
2024-01-26D09:36:25.615000000,NOK,O,31.75,221
2024-01-26D09:37:01.321000000,CSCO,O,35.43,86
2024-01-26D09:37:01.588000000,GOOG,O,41.26,3913
2024-01-26D09:37:23.764000000,NOK,N,31.73,4790
2024-01-26D09:38:29.741000000,DELL,L,29.1,5456
2024-01-26D09:38:52.198000000,AAPL,N,25.22,439
2024-01-26D09:39:08.059000000,IBM,O,43.5,526
2024-01-26D09:39:17.270000000,AAPL,N,25.22,336
2024-01-26D09:40:32.384000000,IBM,N,43.52,3833
2024-01-26D09:40:34.741000000,DELL,O,29.11,1527
2024-01-26D09:41:33.429000000,YHOO,N,35.34,865
2024-01-26D09:41:47.549000000,IBM,N,43.47,990
2024-01-26D09:42:18.566000000,MSFT,O,36,731
2024-01-26D09:44:12.921000000,ORCL,N,32.06,3506
2024-01-26D09:44:21.931000000,GOOG,N,41.29,1064
2024-01-26D09:44:28.896000000,ORCL,O,32.05,1720
2024-01-26D09:44:56.882000000,NOK,L,31.79,2977
2024-01-26D09:45:32.711000000,DELL,L,29.13,4378
2024-01-26D09:46:20.773000000,MSFT,O,36.08,79
2024-01-26D09:46:51.304000000,IBM,L,43.49,2787
2024-01-26D09:47:16.305000000,GOOG,N,41.31,3563
2024-01-26D09:47:26.757000000,YHOO,O,35.39,390
2024-01-26D09:48:19.695000000,YHOO,O,35.35,3117
2024-01-26D09:48:34.709000000,ORCL,O,32.08,556
2024-01-26D09:48:54.899000000,CSCO,N,35.36,1177
2024-01-26D09:49:18.786000000,GOOG,N,41.32,287
2024-01-26D09:50:12.630000000,CSCO,O,35.38,2038
2024-01-26D09:50:13.038000000,CSCO,O,35.38,1784
2024-01-26D09:50:48.328000000,AAPL,O,25.22,9543
2024-01-26D09:51:38.125000000,GOOG,L,41.31,3153
2024-01-26D09:51:42.731000000,NOK,O,31.83,8332
2024-01-26D09:51:51.130000000,MSFT,N,36.11,1657
2024-01-26D09:52:33.369000000,NOK,O,31.86,896
2024-01-26D09:52:38.730000000,GOOG,N,41.32,1318
2024-01-26D09:52:45.927000000,IBM,N,43.52,2578
2024-01-26D09:52:56.155000000,ORCL,O,32.06,2075
2024-01-26D09:53:12.059000000,MSFT,N,36.06,1457
2024-01-26D09:54:31.715000000,YHOO,O,35.35,1209
2024-01-26D09:54:38.470000000,NOK,L,31.86,4215
2024-01-26D09:54:39.362000000,YHOO,O,35.38,1069
2024-01-26D09:54:50.895000000,YHOO,O,35.35,1314
2024-01-26D09:55:02.519000000,DELL,N,29.16,1083
2024-01-26D09:55:12.926000000,GOOG,L,41.33,574
2024-01-26D09:55:16.660000000,CSCO,L,35.38,4615
2024-01-26D09:55:38.545000000,DELL,O,29.16,2426
2024-01-26D09:55:42.863000000,AAPL,N,25.19,4210
2024-01-26D09:55:45.175000000,DELL,O,29.16,3882
2024-01-26D09:56:19.776000000,DELL,N,29.16,7417
2024-01-26D09:56:48.712000000,DELL,L,29.13,1637
2024-01-26D09:57:27.686000000,IBM,N,43.58,1977
2024-01-26D09:57:30.010000000,NOK,O,31.85,2152
2024-01-26D09:57:33.944000000,YHOO,O,35.39,678
2024-01-26D09:58:39.612000000,IBM,N,43.59,2374
2024-01-26D09:59:17.079000000,GOOG,O,41.33,5408
2024-01-26D09:59:31.068000000,YHOO,O,35.43,289
2024-01-26D10:00:30.427000000,YHOO,O,35.39,2558
2024-01-26D10:02:26.801000000,CSCO,N,35.36,4852
2024-01-26D10:02:27.656000000,AAPL,L,25.21,5198
2024-01-26D10:03:23.573000000,DELL,N,29.14,4863
2024-01-26D10:03:41.391000000,ORCL,L,32.04,2787
2024-01-26D10:04:05.657000000,AAPL,N,25.22,5283
2024-01-26D10:04:50.853000000,YHOO,L,35.43,43
2024-01-26D10:06:11.587000000,GOOG,L,41.29,863
2024-01-26D10:08:03.962000000,GOOG,O,41.25,3642
2024-01-26D10:09:53.605000000,MSFT,N,36.04,3478
2024-01-26D10:10:28.007000000,AAPL,N,25.26,1172
2024-01-26D10:11:02.692000000,ORCL,L,32.01,2553
2024-01-26D10:11:57.572000000,CSCO,N,35.36,1352
2024-01-26D10:12:16.992000000,DELL,L,29.18,155
2024-01-26D10:13:07.570000000,GOOG,N,41.19,2916
2024-01-26D10:13:34.121000000,IBM,O,43.56,7961
2024-01-26D10:14:24.203000000,IBM,L,43.58,2788
2024-01-26D10:14:32.141000000,NOK,L,31.96,289
2024-01-26D10:14:55.337000000,ORCL,N,32.01,1065
2024-01-26D10:15:13.956000000,CSCO,O,35.32,2606
2024-01-26D10:15:45.104000000,AAPL,O,25.25,4507
2024-01-26D10:15:48.182000000,DELL,N,29.18,3019
2024-01-26D10:16:31.874000000,GOOG,L,41.16,2809
2024-01-26D10:16:51.083000000,ORCL,O,31.98,493
2024-01-26D10:16:57.918000000,DELL,O,29.18,814
2024-01-26D10:17:32.236000000,CSCO,L,35.31,936
2024-01-26D10:17:54.661000000,NOK,N,31.96,6884
2024-01-26D10:17:56.026000000,YHOO,O,35.51,1089
2024-01-26D10:17:59.022000000,IBM,O,43.57,2748
2024-01-26D10:18:03.573000000,GOOG,L,41.19,3130
2024-01-26D10:18:08.021000000,DELL,N,29.22,168
2024-01-26D10:19:14.104000000,CSCO,L,35.31,5013
2024-01-26D10:19:18.785000000,AAPL,N,25.26,260
2024-01-26D10:19:20.979000000,AAPL,N,25.29,153
2024-01-26D10:21:00.167000000,AAPL,O,25.26,6189
2024-01-26D10:22:16.202000000,ORCL,L,32.01,5231
2024-01-26D10:22:21.218000000,YHOO,N,35.55,691
2024-01-26D10:22:37.945000000,CSCO,N,35.27,640
2024-01-26D10:24:41.968000000,YHOO,L,35.55,5290
2024-01-26D10:24:49.861000000,YHOO,O,35.59,3279
2024-01-26D10:25:10.050000000,YHOO,O,35.61,170
2024-01-26D10:25:37.837000000,NOK,N,31.86,1802
2024-01-26D10:25:51.549000000,MSFT,N,36.11,1280
2024-01-26D10:26:17.064000000,IBM,N,43.53,3975
2024-01-26D10:26:23.182000000,DELL,O,29.18,3559
2024-01-26D10:26:34.830000000,NOK,O,31.91,204
2024-01-26D10:26:43.346000000,DELL,O,29.18,2510
2024-01-26D10:27:18.565000000,MSFT,O,36.18,100
2024-01-26D10:27:57.505000000,NOK,N,31.9,198
2024-01-26D10:28:08.402000000,GOOG,N,41.21,1236
2024-01-26D10:28:43.629000000,MSFT,N,36.15,953
2024-01-26D10:28:54.219000000,DELL,O,29.16,319
2024-01-26D10:29:00.895000000,ORCL,O,31.98,333
2024-01-26D10:29:19.064000000,IBM,L,43.5,367
2024-01-26D10:29:56.312000000,CSCO,O,35.22,1443
2024-01-26D10:30:16.609000000,MSFT,L,36.13,332
2024-01-26D10:31:28.737000000,CSCO,O,35.28,213
2024-01-26D10:32:06.704000000,DELL,L,29.22,1284
2024-01-26D10:32:38.096000000,DELL,L,29.23,3792
2024-01-26D10:33:14.546000000,CSCO,N,35.24,8003
2024-01-26D10:33:18.322000000,ORCL,N,31.97,8699
2024-01-26D10:34:43.333000000,DELL,N,29.27,1782
2024-01-26D10:34:53.699000000,DELL,N,29.24,2228
2024-01-26D10:34:59.078000000,ORCL,L,31.96,2482
2024-01-26D10:36:23.896000000,IBM,N,43.49,3384
2024-01-26D10:36:28.436000000,YHOO,L,35.41,348
2024-01-26D10:36:28.705000000,DELL,L,29.26,1533
2024-01-26D10:36:30.247000000,DELL,L,29.26,1879
2024-01-26D10:36:59.042000000,MSFT,O,36.18,5264
2024-01-26D10:37:15.217000000,ORCL,N,32.03,4076
2024-01-26D10:38:08.973000000,YHOO,O,35.44,3629
2024-01-26D10:38:18.472000000,GOOG,N,41.22,237
2024-01-26D10:38:43.453000000,AAPL,N,25.27,4138
2024-01-26D10:38:55.128000000,NOK,N,32,7935
2024-01-26D10:38:59.826000000,MSFT,N,36.2,1323
2024-01-26D10:40:25.562000000,GOOG,L,41.22,1296
2024-01-26D10:40:29.121000000,CSCO,O,35.22,2089
2024-01-26D10:40:32.011000000,GOOG,L,41.18,804
2024-01-26D10:40:44.468000000,MSFT,O,36.2,3364
2024-01-26D10:40:53.336000000,NOK,L,32.03,2644
2024-01-26D10:41:17.233000000,GOOG,L,41.19,2113
2024-01-26D10:41:25.408000000,ORCL,O,31.99,474
2024-01-26D10:41:56.659000000,CSCO,L,35.24,4442
2024-01-26D10:42:22.467000000,IBM,O,43.49,614
2024-01-26D10:42:23.724000000,NOK,N,32.05,206
2024-01-26D10:42:24.214000000,IBM,O,43.52,7727
2024-01-26D10:42:28.567000000,GOOG,O,41.23,1139
2024-01-26D10:43:52.894000000,ORCL,L,32.02,3008
2024-01-26D10:44:01.690000000,AAPL,O,25.33,746
2024-01-26D10:46:00.776000000,ORCL,O,32.01,5109
2024-01-26D10:46:04.338000000,IBM,N,43.47,7595
2024-01-26D10:46:18.813000000,AAPL,O,25.3,4593
2024-01-26D10:47:51.005000000,CSCO,L,35.31,2079
2024-01-26D10:47:57.508000000,GOOG,L,41.21,446
2024-01-26D10:48:42.266000000,CSCO,L,35.34,67
2024-01-26D10:48:49.131000000,YHOO,L,35.47,2029
2024-01-26D10:49:09.845000000,GOOG,L,41.2,2840
2024-01-26D10:49:14.573000000,GOOG,L,41.2,3644
2024-01-26D10:50:00.800000000,NOK,L,32.02,5968
2024-01-26D10:50:01.296000000,NOK,L,32.02,4407
2024-01-26D10:50:20.788000000,GOOG,N,41.17,1578
2024-01-26D10:50:35.604000000,GOOG,N,41.21,1611
2024-01-26D10:50:42.547000000,IBM,O,43.43,223
2024-01-26D10:51:08.920000000,DELL,L,29.22,352
2024-01-26D10:51:09.324000000,DELL,L,29.25,82
2024-01-26D10:51:33.468000000,AAPL,L,25.33,1842
2024-01-26D10:51:58.524000000,MSFT,L,36.14,4022
2024-01-26D10:52:48.124000000,CSCO,N,35.36,61
2024-01-26D10:52:50.672000000,MSFT,L,36.14,283
2024-01-26D10:53:18.463000000,IBM,N,43.47,4547
2024-01-26D10:53:47.799000000,IBM,N,43.38,125
2024-01-26D10:56:37.247000000,YHOO,N,35.49,3253
2024-01-26D10:57:27.376000000,CSCO,L,35.41,5149
2024-01-26D10:58:29.721000000,GOOG,O,41.25,464
2024-01-26D10:58:45.217000000,YHOO,N,35.45,5970
2024-01-26D10:59:13.224000000,YHOO,O,35.46,2401
2024-01-26D11:00:09.686000000,YHOO,N,35.43,6240
2024-01-26D11:00:41.631000000,DELL,L,29.25,997
2024-01-26D11:01:24.562000000,ORCL,N,31.99,200
2024-01-26D11:01:33.938000000,GOOG,L,41.21,2882
2024-01-26D11:01:52.570000000,IBM,N,43.5,1780
2024-01-26D11:02:14.925000000,DELL,L,29.23,4018
2024-01-26D11:03:04.876000000,ORCL,O,31.91,1366
2024-01-26D11:03:44.155000000,ORCL,O,31.91,134
2024-01-26D11:03:50.201000000,DELL,L,29.27,1229
2024-01-26D11:04:04.844000000,CSCO,L,35.44,1136
2024-01-26D11:04:48.285000000,IBM,L,43.5,3343
2024-01-26D11:05:02.073000000,NOK,O,32.02,8086
2024-01-26D11:07:07.355000000,GOOG,N,41.18,3317
2024-01-26D11:07:16.591000000,GOOG,N,41.2,45
2024-01-26D11:09:37.410000000,YHOO,N,35.45,198
2024-01-26D11:10:28.683000000,ORCL,L,31.94,513
2024-01-26D11:10:54.422000000,ORCL,O,31.92,9845
2024-01-26D11:11:26.228000000,AAPL,L,25.35,6530
2024-01-26D11:12:28.554000000,CSCO,N,35.41,178
2024-01-26D11:14:15.376000000,MSFT,O,36.06,2673
2024-01-26D11:14:17.330000000,DELL,L,29.29,5380
2024-01-26D11:15:45.981000000,NOK,N,32,615
2024-01-26D11:15:47.564000000,NOK,N,32,5546
2024-01-26D11:16:09.307000000,ORCL,L,31.95,5218
2024-01-26D11:16:12.199000000,AAPL,N,25.35,3806
2024-01-26D11:16:49.595000000,GOOG,L,41.16,165
2024-01-26D11:17:24.603000000,DELL,O,29.25,293
2024-01-26D11:17:31.417000000,IBM,O,43.56,778
2024-01-26D11:18:08.442000000,GOOG,L,41.13,2189
2024-01-26D11:18:10.584000000,DELL,O,29.28,2298
2024-01-26D11:18:12.409000000,CSCO,O,35.45,192
2024-01-26D11:18:23.802000000,GOOG,N,41.15,101
2024-01-26D11:19:22.451000000,GOOG,O,41.09,7393
2024-01-26D11:19:24.727000000,AAPL,L,25.38,4444
2024-01-26D11:20:00.489000000,IBM,N,43.59,32
2024-01-26D11:21:21.263000000,AAPL,L,25.33,2826
2024-01-26D11:21:33.867000000,ORCL,L,31.96,2091
2024-01-26D11:21:49.017000000,IBM,L,43.54,1220
2024-01-26D11:22:16.218000000,MSFT,N,36.03,282
2024-01-26D11:22:18.167000000,MSFT,N,35.99,80
2024-01-26D11:23:28.596000000,CSCO,O,35.52,1044
2024-01-26D11:24:12.290000000,GOOG,L,41.14,437
2024-01-26D11:24:12.550000000,ORCL,N,31.96,5828
2024-01-26D11:24:15.093000000,IBM,N,43.56,2184
2024-01-26D11:24:19.665000000,GOOG,O,41.09,6846
2024-01-26D11:25:39.505000000,MSFT,N,36.04,2866
2024-01-26D11:25:48.782000000,GOOG,L,41.09,7334
2024-01-26D11:25:49.691000000,DELL,O,29.29,3190
2024-01-26D11:26:36.892000000,AAPL,L,25.36,2522
2024-01-26D11:28:26.742000000,IBM,L,43.52,1462
2024-01-26D11:29:22.049000000,GOOG,O,41.08,1338
2024-01-26D11:29:29.234000000,ORCL,N,31.99,2984
2024-01-26D11:29:46.469000000,GOOG,O,41.03,814
2024-01-26D11:29:52.798000000,GOOG,O,41.03,1240
2024-01-26D11:29:54.826000000,AAPL,O,25.36,5953
2024-01-26D11:30:42.824000000,ORCL,L,32,974
2024-01-26D11:30:45.193000000,GOOG,N,41.02,2227
2024-01-26D11:30:47.827000000,MSFT,N,35.91,4164
2024-01-26D11:30:52.171000000,AAPL,O,25.38,1116
2024-01-26D11:31:07.409000000,YHOO,O,35.26,27
2024-01-26D11:31:36.394000000,AAPL,N,25.41,8002
2024-01-26D11:31:44.348000000,ORCL,O,31.98,3146
2024-01-26D11:33:01.121000000,DELL,O,29.31,882
2024-01-26D11:33:04.763000000,YHOO,L,35.24,1399
2024-01-26D11:33:15.255000000,AAPL,O,25.41,5465
2024-01-26D11:33:35.246000000,AAPL,L,25.37,4054
2024-01-26D11:34:37.600000000,YHOO,O,35.24,3943
2024-01-26D11:34:57.234000000,YHOO,O,35.24,78
2024-01-26D11:35:38.599000000,NOK,L,32.02,1497
2024-01-26D11:36:47.269000000,YHOO,N,35.27,4071
2024-01-26D11:37:59.767000000,MSFT,O,35.94,398
2024-01-26D11:38:05.276000000,IBM,O,43.46,894
2024-01-26D11:38:49.437000000,DELL,O,29.29,2850
2024-01-26D11:39:02.829000000,NOK,L,32.03,2263
2024-01-26D11:39:12.401000000,CSCO,N,35.47,991
2024-01-26D11:39:32.130000000,DELL,N,29.32,688
2024-01-26D11:40:15.107000000,IBM,O,43.5,5456
2024-01-26D11:40:16.774000000,YHOO,L,35.21,348
2024-01-26D11:40:37.133000000,MSFT,N,35.91,1016
2024-01-26D11:41:10.290000000,MSFT,L,35.9,914
2024-01-26D11:41:18.411000000,IBM,O,43.5,8499
2024-01-26D11:42:07.715000000,GOOG,O,41.1,4477
2024-01-26D11:42:31.325000000,IBM,N,43.5,596
2024-01-26D11:44:08.571000000,GOOG,N,41.07,1315
2024-01-26D11:44:31.059000000,MSFT,N,35.96,992
2024-01-26D11:44:33.425000000,NOK,N,32.01,8177
2024-01-26D11:46:30.006000000,NOK,L,31.99,1411
2024-01-26D11:46:38.563000000,MSFT,L,35.94,192
2024-01-26D11:46:47.497000000,GOOG,N,41.06,1600
2024-01-26D11:48:01.889000000,CSCO,N,35.42,3569
2024-01-26D11:48:17.987000000,DELL,N,29.36,974
2024-01-26D11:48:45.797000000,MSFT,O,35.93,6995
2024-01-26D11:49:09.408000000,DELL,N,29.34,8699
2024-01-26D11:49:10.323000000,MSFT,N,35.93,1669
2024-01-26D11:49:35.018000000,MSFT,L,35.93,49
2024-01-26D11:50:15.544000000,DELL,L,29.3,888
2024-01-26D11:50:34.554000000,NOK,N,32.05,945
2024-01-26D11:50:42.133000000,DELL,L,29.33,3018
2024-01-26D11:50:55.990000000,MSFT,N,35.93,7094
2024-01-26D11:50:56.486000000,IBM,L,43.58,110
2024-01-26D11:51:07.334000000,ORCL,N,31.95,4783
2024-01-26D11:51:17.650000000,NOK,L,32.03,1356
2024-01-26D11:52:00.976000000,IBM,L,43.58,930
2024-01-26D11:52:16.778000000,IBM,L,43.58,1817
2024-01-26D11:52:26.112000000,ORCL,O,31.92,1717
2024-01-26D11:52:33.411000000,NOK,L,32.01,1354
2024-01-26D11:52:35.247000000,ORCL,O,31.92,532
2024-01-26D11:52:43.850000000,MSFT,N,35.93,6914
2024-01-26D11:52:47.139000000,NOK,O,32.03,18
2024-01-26D11:53:17.820000000,GOOG,O,41.02,191
2024-01-26D11:53:24.495000000,YHOO,L,35.21,188
2024-01-26D11:53:59.973000000,IBM,O,43.57,1166
2024-01-26D11:56:56.938000000,IBM,O,43.54,338
2024-01-26D11:57:56.426000000,ORCL,N,31.95,487
2024-01-26D11:58:21.593000000,IBM,N,43.49,2309
2024-01-26D11:58:56.364000000,DELL,L,29.3,284
2024-01-26D11:59:16.581000000,IBM,L,43.46,2995
2024-01-26D11:59:36.075000000,ORCL,N,31.9,7113
2024-01-26D12:00:00.363000000,GOOG,L,41.04,291
2024-01-26D12:00:13.402000000,GOOG,L,41.04,1477
2024-01-26D12:00:24.739000000,DELL,L,29.31,2946
2024-01-26D12:00:25.118000000,ORCL,N,31.92,1685
2024-01-26D12:01:16.931000000,DELL,L,29.31,2743
2024-01-26D12:01:31.038000000,YHOO,L,35.18,2056
2024-01-26D12:01:35.149000000,GOOG,N,41.07,5679
2024-01-26D12:02:05.896000000,NOK,N,31.97,342
2024-01-26D12:02:14.841000000,ORCL,N,31.91,2101
2024-01-26D12:02:33.036000000,IBM,L,43.48,5497
2024-01-26D12:02:34.211000000,CSCO,L,35.39,2102
2024-01-26D12:03:24.784000000,YHOO,O,35.22,2310
2024-01-26D12:03:39.339000000,NOK,L,31.96,878
2024-01-26D12:04:28.580000000,MSFT,N,35.95,2792
2024-01-26D12:05:34.814000000,DELL,N,29.25,1231
2024-01-26D12:05:36.543000000,ORCL,L,31.88,4360
2024-01-26D12:05:47.975000000,GOOG,N,41.04,482
2024-01-26D12:05:49.876000000,DELL,N,29.27,3573
2024-01-26D12:06:06.589000000,GOOG,L,41.01,8834
2024-01-26D12:06:51.693000000,GOOG,L,41.03,672
2024-01-26D12:07:21.681000000,NOK,N,31.97,1067
2024-01-26D12:07:48.992000000,YHOO,L,35.21,2916
2024-01-26D12:08:07.849000000,AAPL,L,25.44,4473
2024-01-26D12:09:02.787000000,GOOG,L,41.04,9060
2024-01-26D12:09:35.668000000,AAPL,N,25.45,5074
2024-01-26D12:10:01.931000000,ORCL,O,31.94,3843
2024-01-26D12:10:14.533000000,IBM,N,43.5,9155
2024-01-26D12:10:37.446000000,GOOG,N,41.03,1175
2024-01-26D12:10:57.364000000,NOK,O,31.97,3439
2024-01-26D12:11:38.657000000,IBM,N,43.52,1110
2024-01-26D12:11:47.094000000,AAPL,O,25.43,406
2024-01-26D12:12:22.204000000,GOOG,L,41.06,337
2024-01-26D12:12:27.773000000,NOK,N,31.98,1942
2024-01-26D12:12:49.162000000,MSFT,L,35.9,7868
2024-01-26D12:13:07.031000000,CSCO,L,35.38,28
2024-01-26D12:13:15.103000000,CSCO,L,35.42,3724
2024-01-26D12:16:38.762000000,YHOO,N,35.18,2716
2024-01-26D12:16:44.680000000,YHOO,N,35.18,2121
2024-01-26D12:17:53.442000000,IBM,N,43.51,157
2024-01-26D12:18:09.868000000,GOOG,O,41.11,582
2024-01-26D12:18:35.729000000,MSFT,N,35.9,2634
2024-01-26D12:18:43.077000000,IBM,N,43.58,945
2024-01-26D12:18:43.976000000,ORCL,N,31.93,1473
2024-01-26D12:18:53.092000000,MSFT,N,35.85,263
2024-01-26D12:21:00.152000000,NOK,L,31.93,1194
2024-01-26D12:21:25.328000000,GOOG,N,41.09,1006
2024-01-26D12:22:21.520000000,CSCO,N,35.4,6457
2024-01-26D12:22:33.977000000,CSCO,O,35.41,166
2024-01-26D12:23:12.063000000,IBM,L,43.5,1939
2024-01-26D12:23:49.854000000,AAPL,O,25.39,2015
2024-01-26D12:24:00.129000000,MSFT,N,35.88,8508
2024-01-26D12:24:13.041000000,GOOG,L,41.13,1343
2024-01-26D12:24:45.258000000,GOOG,L,41.12,171
2024-01-26D12:24:56.341000000,YHOO,L,35.18,2204
2024-01-26D12:24:58.969000000,CSCO,O,35.42,1388
2024-01-26D12:26:11.273000000,GOOG,N,41.09,1764
2024-01-26D12:26:31.060000000,GOOG,L,41.1,6870
2024-01-26D12:27:02.839000000,ORCL,L,31.95,6268
2024-01-26D12:27:06.115000000,GOOG,L,41.1,1421
2024-01-26D12:27:13.146000000,YHOO,O,35.17,2121
2024-01-26D12:27:33.117000000,CSCO,O,35.43,5292
2024-01-26D12:29:53.570000000,MSFT,N,35.86,695
2024-01-26D12:30:11.878000000,ORCL,O,31.97,3009
2024-01-26D12:30:14.677000000,MSFT,N,35.86,5860
2024-01-26D12:30:39.339000000,IBM,L,43.59,4642
2024-01-26D12:31:58.254000000,ORCL,O,31.93,2108
2024-01-26D12:32:59.695000000,MSFT,O,35.91,1983
2024-01-26D12:34:49.681000000,NOK,N,31.88,1979
2024-01-26D12:35:06.935000000,ORCL,N,31.97,1432
2024-01-26D12:35:25.848000000,ORCL,N,31.94,1456
2024-01-26D12:35:32.642000000,NOK,O,31.9,3624
2024-01-26D12:35:35.545000000,NOK,O,31.9,6999
2024-01-26D12:36:22.094000000,GOOG,L,41.02,1777
2024-01-26D12:36:33.552000000,ORCL,N,31.94,4075
2024-01-26D12:36:55.013000000,ORCL,N,31.98,887
2024-01-26D12:38:22.340000000,NOK,L,31.9,472
2024-01-26D12:38:29.888000000,YHOO,O,35.22,4051
2024-01-26D12:38:38.352000000,YHOO,O,35.19,1963
2024-01-26D12:39:08.008000000,AAPL,N,25.32,2711
2024-01-26D12:39:08.176000000,ORCL,N,32,2911
2024-01-26D12:39:47.111000000,ORCL,N,32,1620
2024-01-26D12:40:06.346000000,YHOO,N,35.2,1387
2024-01-26D12:40:22.012000000,YHOO,N,35.21,5216
2024-01-26D12:40:36.313000000,GOOG,O,40.97,8188
2024-01-26D12:40:52.495000000,AAPL,N,25.32,591
2024-01-26D12:41:13.666000000,MSFT,L,35.93,401
2024-01-26D12:41:16.371000000,AAPL,N,25.34,865
2024-01-26D12:43:22.581000000,GOOG,O,40.98,622
2024-01-26D12:43:23.116000000,CSCO,L,35.36,2035
2024-01-26D12:43:52.565000000,DELL,O,29.15,597
2024-01-26D12:44:58.089000000,YHOO,L,35.22,6742
2024-01-26D12:45:12.868000000,YHOO,O,35.26,3592
2024-01-26D12:46:33.311000000,IBM,N,43.56,447
2024-01-26D12:48:41.471000000,AAPL,L,25.3,1178
2024-01-26D12:49:24.362000000,AAPL,L,25.34,512
2024-01-26D12:49:51.945000000,GOOG,L,40.96,544
2024-01-26D12:50:18.864000000,CSCO,N,35.35,7347
2024-01-26D12:50:47.468000000,AAPL,L,25.33,1821
2024-01-26D12:51:20.914000000,GOOG,O,40.94,2444
2024-01-26D12:51:26.783000000,ORCL,N,32.05,1733
2024-01-26D12:52:38.033000000,ORCL,L,32.03,5810
2024-01-26D12:53:04.771000000,YHOO,O,35.22,1018
2024-01-26D12:53:35.856000000,DELL,L,29.16,7388
2024-01-26D12:53:55.083000000,ORCL,N,32.04,824
2024-01-26D12:54:21.076000000,YHOO,L,35.21,1570
2024-01-26D12:54:52.383000000,YHOO,L,35.19,248
2024-01-26D12:55:44.036000000,CSCO,L,35.3,865
2024-01-26D12:55:48.724000000,AAPL,O,25.33,1435
2024-01-26D12:56:08.075000000,YHOO,L,35.22,4656
2024-01-26D12:57:15.900000000,AAPL,N,25.31,1567
2024-01-26D13:00:20.147000000,CSCO,O,35.35,904
2024-01-26D13:00:35.154000000,GOOG,L,40.99,2544
2024-01-26D13:01:04.063000000,ORCL,N,32,3917
2024-01-26D13:01:24.279000000,MSFT,O,35.84,706
2024-01-26D13:01:30.902000000,NOK,L,31.89,604
2024-01-26D13:01:35.706000000,ORCL,N,32,4677
2024-01-26D13:01:37.507000000,AAPL,N,25.32,4516
2024-01-26D13:01:59.826000000,CSCO,L,35.32,416
2024-01-26D13:02:15.603000000,CSCO,L,35.35,5481
2024-01-26D13:02:36.461000000,YHOO,O,35.16,1031
2024-01-26D13:03:00.911000000,GOOG,N,40.88,97
2024-01-26D13:03:24.856000000,DELL,L,29.21,3338
2024-01-26D13:04:25.379000000,CSCO,O,35.37,1623
2024-01-26D13:04:39.512000000,DELL,N,29.18,3930
2024-01-26D13:04:49.035000000,ORCL,O,32.07,1021
2024-01-26D13:04:59.908000000,YHOO,O,35.16,167
2024-01-26D13:05:17.150000000,NOK,L,31.93,7923
2024-01-26D13:05:20.275000000,CSCO,N,35.34,201
2024-01-26D13:05:20.972000000,CSCO,N,35.36,4137
2024-01-26D13:05:53.032000000,DELL,O,29.17,1959
2024-01-26D13:06:30.474000000,CSCO,N,35.35,1265
2024-01-26D13:06:30.926000000,NOK,O,31.93,2410
2024-01-26D13:06:51.293000000,YHOO,O,35.15,1335
2024-01-26D13:07:39.466000000,AAPL,L,25.3,664
2024-01-26D13:08:01.417000000,YHOO,O,35.19,14
2024-01-26D13:08:46.761000000,YHOO,N,35.14,419
2024-01-26D13:08:59.894000000,ORCL,L,32.14,5899
2024-01-26D13:09:02.933000000,GOOG,O,40.92,2400
2024-01-26D13:11:19.996000000,MSFT,O,35.76,463
2024-01-26D13:11:26.162000000,YHOO,N,35.09,1465
2024-01-26D13:11:51.274000000,IBM,N,43.49,9014
2024-01-26D13:11:57.418000000,GOOG,L,40.95,1115
2024-01-26D13:12:16.180000000,MSFT,O,35.75,322
2024-01-26D13:13:26.613000000,ORCL,N,32.2,1805
2024-01-26D13:13:52.450000000,AAPL,L,25.28,467
2024-01-26D13:14:26.683000000,CSCO,N,35.36,1971
2024-01-26D13:14:44.429000000,CSCO,N,35.36,918
2024-01-26D13:15:28.675000000,YHOO,L,35.12,1073
2024-01-26D13:15:29.025000000,GOOG,O,40.93,1069
2024-01-26D13:16:23.715000000,NOK,L,31.92,358
2024-01-26D13:16:32.701000000,NOK,O,31.92,8699
2024-01-26D13:16:58.644000000,ORCL,N,32.19,4530
2024-01-26D13:17:16.379000000,GOOG,O,40.86,1648
2024-01-26D13:18:44.057000000,IBM,N,43.55,7335
2024-01-26D13:19:15.362000000,AAPL,L,25.3,1161
2024-01-26D13:19:29.101000000,GOOG,L,40.93,955
2024-01-26D13:20:45.339000000,AAPL,O,25.32,579
2024-01-26D13:20:47.173000000,MSFT,L,35.75,3237
2024-01-26D13:22:55.922000000,YHOO,O,35.13,5691
2024-01-26D13:23:05.306000000,ORCL,N,32.16,697
2024-01-26D13:23:24.541000000,CSCO,N,35.25,2049
2024-01-26D13:25:02.776000000,GOOG,N,40.86,1009
2024-01-26D13:25:09.327000000,IBM,N,43.5,4813
2024-01-26D13:25:39.394000000,ORCL,N,32.12,3145
2024-01-26D13:26:36.170000000,YHOO,O,35.14,2669
2024-01-26D13:27:06.787000000,GOOG,N,40.9,827
2024-01-26D13:27:27.164000000,DELL,N,29.23,3317
2024-01-26D13:27:27.642000000,NOK,O,31.86,114
2024-01-26D13:27:51.797000000,YHOO,L,35.16,2305
2024-01-26D13:28:07.000000000,MSFT,L,35.81,3322
2024-01-26D13:28:08.663000000,IBM,L,43.56,5224
2024-01-26D13:29:41.083000000,IBM,L,43.54,712
2024-01-26D13:30:18.779000000,YHOO,O,35.18,1485
2024-01-26D13:30:39.884000000,AAPL,L,25.35,605
2024-01-26D13:31:07.806000000,MSFT,N,35.85,8380
2024-01-26D13:31:26.258000000,CSCO,O,35.22,3931
2024-01-26D13:31:28.770000000,GOOG,O,40.91,6341
2024-01-26D13:31:37.790000000,MSFT,O,35.83,1410
2024-01-26D13:32:18.637000000,ORCL,L,32.14,2883
2024-01-26D13:33:31.989000000,GOOG,O,40.94,3880
2024-01-26D13:33:57.259000000,DELL,L,29.17,5998
2024-01-26D13:36:29.986000000,NOK,L,31.83,342
2024-01-26D13:36:35.417000000,ORCL,O,32.16,942
2024-01-26D13:37:15.162000000,NOK,L,31.87,5848
2024-01-26D13:37:38.750000000,ORCL,L,32.16,6447
2024-01-26D13:37:55.642000000,NOK,N,31.85,62
2024-01-26D13:38:07.353000000,NOK,N,31.85,1704
2024-01-26D13:38:31.206000000,ORCL,O,32.17,2139
2024-01-26D13:40:13.224000000,IBM,N,43.56,626
2024-01-26D13:40:13.875000000,DELL,L,29.2,401
2024-01-26D13:41:13.679000000,MSFT,N,35.75,1349
2024-01-26D13:41:36.456000000,MSFT,N,35.75,1447
2024-01-26D13:43:05.327000000,CSCO,O,35.29,874
2024-01-26D13:43:25.995000000,GOOG,L,40.88,2650
2024-01-26D13:44:15.809000000,NOK,O,31.78,7653
2024-01-26D13:45:11.712000000,GOOG,N,40.86,6308
2024-01-26D13:45:52.463000000,ORCL,O,32.19,335
2024-01-26D13:46:09.143000000,ORCL,O,32.17,95
2024-01-26D13:46:56.777000000,AAPL,O,25.41,1434
2024-01-26D13:46:58.891000000,NOK,N,31.82,2236
2024-01-26D13:47:39.650000000,AAPL,O,25.4,755
2024-01-26D13:47:43.366000000,IBM,L,43.59,3399
2024-01-26D13:49:31.662000000,CSCO,L,35.33,1791
2024-01-26D13:50:00.540000000,CSCO,L,35.33,2605
2024-01-26D13:50:07.726000000,IBM,O,43.59,2348
2024-01-26D13:50:37.320000000,AAPL,L,25.42,2621
2024-01-26D13:51:05.414000000,DELL,O,29.2,1850
2024-01-26D13:51:29.054000000,IBM,O,43.6,3379
2024-01-26D13:52:08.803000000,CSCO,L,35.34,3639
2024-01-26D13:52:29.244000000,NOK,O,31.79,91
2024-01-26D13:53:00.407000000,GOOG,L,40.93,101
2024-01-26D13:53:25.363000000,YHOO,L,35.18,8172
2024-01-26D13:54:44.057000000,AAPL,O,25.36,4192
2024-01-26D13:57:53.056000000,ORCL,N,32.17,9509
2024-01-26D13:58:14.344000000,CSCO,L,35.33,3203
2024-01-26D13:59:32.047000000,DELL,O,29.14,4400
2024-01-26D13:59:49.815000000,NOK,L,31.84,5587
2024-01-26D14:00:33.193000000,YHOO,L,35.2,226
2024-01-26D14:00:54.043000000,GOOG,O,40.97,4923
2024-01-26D14:01:00.404000000,ORCL,O,32.11,391
2024-01-26D14:01:16.975000000,IBM,O,43.56,428
2024-01-26D14:01:19.596000000,NOK,L,31.82,4836
2024-01-26D14:01:40.252000000,DELL,O,29.13,5729
2024-01-26D14:02:05.033000000,CSCO,L,35.33,2182
2024-01-26D14:02:13.204000000,MSFT,O,35.87,1363
2024-01-26D14:02:46.719000000,ORCL,L,32.15,175
2024-01-26D14:03:02.800000000,ORCL,L,32.13,3711
2024-01-26D14:03:12.742000000,MSFT,L,35.88,1659
2024-01-26D14:03:33.523000000,CSCO,L,35.33,314
2024-01-26D14:04:19.192000000,MSFT,N,35.91,4179
2024-01-26D14:05:16.109000000,IBM,O,43.59,1281
2024-01-26D14:05:33.787000000,YHOO,L,35.23,1428
2024-01-26D14:05:38.703000000,NOK,N,31.83,6196
2024-01-26D14:06:06.364000000,ORCL,O,32.16,2354
2024-01-26D14:06:48.681000000,NOK,O,31.85,903
2024-01-26D14:06:59.660000000,DELL,L,29.09,2821
2024-01-26D14:07:06.406000000,YHOO,O,35.22,922
2024-01-26D14:07:35.022000000,DELL,O,29.12,601
2024-01-26D14:07:48.968000000,ORCL,L,32.19,3401
2024-01-26D14:08:29.318000000,YHOO,N,35.26,2782
2024-01-26D14:08:32.126000000,NOK,N,31.85,4475
2024-01-26D14:09:12.731000000,NOK,N,31.87,4883
2024-01-26D14:09:46.149000000,GOOG,N,40.89,775
2024-01-26D14:10:05.544000000,IBM,L,43.58,1116
2024-01-26D14:10:19.509000000,YHOO,L,35.28,3010
2024-01-26D14:10:22.205000000,ORCL,N,32.17,677
2024-01-26D14:10:39.275000000,MSFT,N,35.92,9806
2024-01-26D14:11:38.993000000,DELL,O,29.16,2660
2024-01-26D14:12:42.877000000,GOOG,N,40.88,2745
2024-01-26D14:13:32.766000000,AAPL,L,25.36,3873
2024-01-26D14:14:25.013000000,GOOG,L,40.94,92
2024-01-26D14:14:25.440000000,MSFT,L,35.88,1721
2024-01-26D14:15:18.326000000,CSCO,N,35.36,2027
2024-01-26D14:15:45.815000000,GOOG,N,40.9,3551
2024-01-26D14:16:33.527000000,DELL,L,29.2,1169
2024-01-26D14:16:38.275000000,NOK,O,31.84,4713
2024-01-26D14:17:24.127000000,CSCO,L,35.33,5902
2024-01-26D14:18:37.289000000,CSCO,L,35.3,235
2024-01-26D14:18:55.521000000,ORCL,N,32.11,3127
2024-01-26D14:19:26.467000000,ORCL,L,32.12,2943
2024-01-26D14:20:29.446000000,GOOG,O,40.83,594
2024-01-26D14:20:34.507000000,MSFT,O,35.91,1446
2024-01-26D14:21:28.492000000,IBM,L,43.6,27
2024-01-26D14:22:51.977000000,MSFT,N,35.88,2801
2024-01-26D14:23:01.754000000,NOK,N,31.95,951
2024-01-26D14:23:30.656000000,ORCL,L,32.16,256
2024-01-26D14:23:37.871000000,CSCO,N,35.26,4599
2024-01-26D14:23:46.553000000,AAPL,O,25.36,1966
2024-01-26D14:24:09.037000000,CSCO,L,35.28,3023
2024-01-26D14:24:09.794000000,IBM,O,43.56,855
2024-01-26D14:26:08.819000000,DELL,L,29.21,948
2024-01-26D14:27:33.184000000,GOOG,O,40.72,307
2024-01-26D14:27:52.766000000,DELL,O,29.19,778
2024-01-26D14:28:15.680000000,GOOG,N,40.66,5802
2024-01-26D14:28:28.453000000,GOOG,N,40.66,5476
2024-01-26D14:28:39.406000000,ORCL,N,32.15,261
2024-01-26D14:28:42.223000000,AAPL,O,25.4,8372
2024-01-26D14:29:05.384000000,DELL,L,29.16,1276
2024-01-26D14:29:46.343000000,MSFT,O,35.89,4148
2024-01-26D14:29:59.396000000,ORCL,N,32.19,454
2024-01-26D14:30:11.661000000,NOK,O,31.96,155
2024-01-26D14:30:40.378000000,YHOO,L,35.08,58
2024-01-26D14:31:10.719000000,YHOO,L,35.1,2755
2024-01-26D14:31:14.202000000,YHOO,L,35.12,4834
2024-01-26D14:32:06.697000000,DELL,O,29.22,3713
2024-01-26D14:33:11.313000000,CSCO,L,35.28,1218
2024-01-26D14:33:39.230000000,MSFT,N,35.95,372
2024-01-26D14:34:41.716000000,ORCL,O,32.16,1903
2024-01-26D14:34:44.189000000,NOK,L,31.94,344
2024-01-26D14:35:01.284000000,IBM,N,43.62,532
2024-01-26D14:35:09.957000000,NOK,N,31.96,847
2024-01-26D14:36:03.874000000,AAPL,L,25.37,2160
2024-01-26D14:36:17.586000000,DELL,N,29.21,9245
2024-01-26D14:37:14.542000000,YHOO,N,35.07,3641
2024-01-26D14:37:23.903000000,NOK,N,31.96,8288
2024-01-26D14:37:38.723000000,AAPL,L,25.33,6638
2024-01-26D14:38:16.697000000,NOK,L,31.96,428
2024-01-26D14:38:30.196000000,AAPL,N,25.33,2835
2024-01-26D14:38:39.132000000,MSFT,O,35.93,7940
2024-01-26D14:40:00.063000000,CSCO,N,35.2,703
2024-01-26D14:40:03.144000000,MSFT,O,35.93,4104
2024-01-26D14:40:06.971000000,IBM,L,43.67,847
2024-01-26D14:40:11.238000000,YHOO,L,35.09,3225
2024-01-26D14:40:46.951000000,MSFT,O,35.96,123
2024-01-26D14:41:07.284000000,CSCO,N,35.24,5252
2024-01-26D14:42:35.838000000,CSCO,O,35.19,347
2024-01-26D14:43:03.130000000,MSFT,N,35.94,235
2024-01-26D14:43:19.113000000,CSCO,O,35.19,728
2024-01-26D14:43:20.376000000,CSCO,O,35.19,780
2024-01-26D14:43:49.567000000,YHOO,O,35.14,54
2024-01-26D14:44:03.745000000,GOOG,N,40.73,52
2024-01-26D14:44:20.714000000,MSFT,L,35.97,117
2024-01-26D14:45:27.631000000,GOOG,N,40.74,3506
2024-01-26D14:45:47.746000000,MSFT,O,36,4977
2024-01-26D14:46:03.735000000,YHOO,L,35.14,806
2024-01-26D14:46:27.312000000,IBM,O,43.62,7946
2024-01-26D14:46:47.245000000,GOOG,O,40.71,675
2024-01-26D14:47:12.928000000,YHOO,L,35.09,2231
2024-01-26D14:49:08.145000000,AAPL,N,25.34,2056
2024-01-26D14:49:59.258000000,ORCL,N,32.15,3131
2024-01-26D14:50:08.344000000,IBM,L,43.66,2916
2024-01-26D14:50:29.381000000,YHOO,L,35.08,7936
2024-01-26D14:50:31.589000000,YHOO,L,35.12,727
2024-01-26D14:50:43.233000000,CSCO,O,35.25,1383
2024-01-26D14:50:46.759000000,YHOO,L,35.12,3725
2024-01-26D14:52:47.467000000,YHOO,O,35.09,2017
2024-01-26D14:53:34.251000000,MSFT,N,35.92,6925
2024-01-26D14:53:46.972000000,ORCL,O,32.13,10
2024-01-26D14:54:16.326000000,AAPL,L,25.33,2420
2024-01-26D14:54:30.474000000,NOK,O,32.02,6627
2024-01-26D14:54:37.779000000,ORCL,O,32.14,2863
2024-01-26D14:56:01.192000000,IBM,N,43.59,3557
2024-01-26D14:56:07.944000000,AAPL,O,25.32,621
2024-01-26D14:56:13.632000000,AAPL,O,25.32,2811
2024-01-26D14:56:16.968000000,GOOG,N,40.75,281
2024-01-26D14:56:34.136000000,CSCO,N,35.29,3915
2024-01-26D14:57:14.031000000,YHOO,N,35.13,1306
2024-01-26D14:57:33.557000000,IBM,L,43.65,1067
2024-01-26D14:57:41.167000000,AAPL,L,25.29,3801
2024-01-26D14:57:48.428000000,CSCO,L,35.34,1307
2024-01-26D14:57:59.540000000,IBM,L,43.65,1428
2024-01-26D14:58:16.403000000,DELL,N,29.25,6930
2024-01-26D14:58:39.389000000,CSCO,L,35.34,192
2024-01-26D14:59:10.763000000,GOOG,O,40.75,524
2024-01-26D14:59:29.967000000,MSFT,O,35.87,2441
2024-01-26D15:00:03.520000000,IBM,L,43.64,118
2024-01-26D15:00:41.425000000,IBM,L,43.65,77
2024-01-26D15:01:20.449000000,GOOG,N,40.79,2245
2024-01-26D15:01:20.929000000,YHOO,O,35.1,2839
2024-01-26D15:03:04.375000000,YHOO,L,35.15,1626
2024-01-26D15:04:47.580000000,IBM,O,43.69,9149
2024-01-26D15:04:57.391000000,DELL,N,29.22,4923
2024-01-26D15:05:32.099000000,NOK,L,32.02,1788
2024-01-26D15:05:44.694000000,GOOG,N,40.71,863
2024-01-26D15:06:10.614000000,NOK,L,31.98,1574
2024-01-26D15:06:56.397000000,CSCO,L,35.19,3896
2024-01-26D15:07:02.334000000,NOK,O,31.97,4471
2024-01-26D15:07:45.111000000,ORCL,L,32.11,1012
2024-01-26D15:07:57.398000000,NOK,O,31.97,9921
2024-01-26D15:08:24.251000000,ORCL,O,32.09,3526
2024-01-26D15:08:37.372000000,IBM,O,43.73,9107
2024-01-26D15:08:59.252000000,ORCL,L,32.13,4197
2024-01-26D15:09:20.149000000,IBM,L,43.72,3654
2024-01-26D15:09:45.636000000,MSFT,L,35.76,8100
2024-01-26D15:09:49.344000000,GOOG,O,40.7,1546
2024-01-26D15:12:06.195000000,GOOG,N,40.72,449
2024-01-26D15:12:21.787000000,CSCO,L,35.19,108
2024-01-26D15:12:42.812000000,NOK,L,31.97,1199
2024-01-26D15:14:27.606000000,ORCL,O,32.15,2724
2024-01-26D15:14:56.573000000,DELL,L,29.21,850
2024-01-26D15:16:08.979000000,CSCO,L,35.22,342
2024-01-26D15:16:16.271000000,CSCO,L,35.22,3583
2024-01-26D15:17:08.419000000,IBM,O,43.76,857
2024-01-26D15:17:14.666000000,MSFT,O,35.84,2136
2024-01-26D15:17:34.187000000,NOK,L,31.99,1442
2024-01-26D15:18:19.427000000,CSCO,N,35.22,230
2024-01-26D15:18:38.966000000,IBM,O,43.74,3919
2024-01-26D15:18:46.132000000,NOK,N,31.98,5560
2024-01-26D15:18:57.708000000,CSCO,L,35.3,4357
2024-01-26D15:19:18.194000000,NOK,N,31.97,6100
2024-01-26D15:19:27.491000000,DELL,O,29.2,5179
2024-01-26D15:19:34.553000000,ORCL,L,32.1,4328
2024-01-26D15:20:54.788000000,IBM,L,43.75,3779
2024-01-26D15:21:52.870000000,DELL,L,29.23,651
2024-01-26D15:22:04.522000000,NOK,N,32.02,331
2024-01-26D15:23:48.672000000,CSCO,O,35.32,4268
2024-01-26D15:24:31.508000000,DELL,L,29.23,4144
2024-01-26D15:25:11.893000000,MSFT,L,35.89,3720
2024-01-26D15:25:30.492000000,CSCO,L,35.29,1912
2024-01-26D15:25:53.112000000,YHOO,O,35.09,5133
2024-01-26D15:26:19.594000000,NOK,N,31.99,671
2024-01-26D15:26:43.811000000,ORCL,N,32.16,5475
2024-01-26D15:27:28.946000000,ORCL,N,32.11,2257
2024-01-26D15:28:47.786000000,ORCL,L,32.15,7819
2024-01-26D15:29:18.324000000,GOOG,O,40.75,5756
2024-01-26D15:29:22.154000000,YHOO,O,35.14,9384
2024-01-26D15:29:24.817000000,IBM,L,43.84,369
2024-01-26D15:30:09.853000000,DELL,L,29.3,6210
2024-01-26D15:30:13.916000000,YHOO,N,35.12,2224
2024-01-26D15:30:47.672000000,AAPL,L,25.3,5173
2024-01-26D15:31:04.628000000,IBM,L,43.75,1458
2024-01-26D15:31:12.430000000,GOOG,L,40.73,1328
2024-01-26D15:31:27.276000000,CSCO,L,35.24,901
2024-01-26D15:31:47.561000000,MSFT,L,35.86,2109
2024-01-26D15:31:48.056000000,CSCO,N,35.26,3093
2024-01-26D15:32:01.579000000,MSFT,O,35.9,6793
2024-01-26D15:32:04.345000000,YHOO,O,35.14,2686
2024-01-26D15:32:07.018000000,NOK,N,31.99,194
2024-01-26D15:32:35.146000000,IBM,L,43.75,4890
2024-01-26D15:32:42.758000000,YHOO,N,35.11,2601
2024-01-26D15:32:51.299000000,NOK,N,31.99,728
2024-01-26D15:35:43.144000000,YHOO,L,35.1,1362
2024-01-26D15:35:49.159000000,YHOO,L,35.14,5754
2024-01-26D15:36:22.459000000,DELL,O,29.3,1632
2024-01-26D15:36:38.959000000,MSFT,N,35.92,3470
2024-01-26D15:36:44.921000000,CSCO,O,35.29,1618
2024-01-26D15:37:27.982000000,GOOG,O,40.66,1526
2024-01-26D15:37:28.184000000,ORCL,O,32.11,3070
2024-01-26D15:37:40.387000000,DELL,N,29.28,107
2024-01-26D15:37:57.079000000,CSCO,O,35.31,971
2024-01-26D15:38:02.671000000,MSFT,O,35.85,2923
2024-01-26D15:38:29.254000000,IBM,N,43.75,412
2024-01-26D15:38:46.917000000,DELL,N,29.3,6308
2024-01-26D15:39:03.378000000,GOOG,N,40.69,233
2024-01-26D15:39:15.634000000,GOOG,N,40.69,849
2024-01-26D15:39:29.814000000,DELL,N,29.27,2170
2024-01-26D15:40:46.834000000,NOK,L,31.9,728
2024-01-26D15:40:47.889000000,MSFT,L,35.88,6853
2024-01-26D15:41:46.711000000,ORCL,O,32.1,2435
2024-01-26D15:41:54.432000000,ORCL,O,32.08,58
2024-01-26D15:41:55.733000000,CSCO,L,35.3,254
2024-01-26D15:41:56.662000000,IBM,O,43.7,129
2024-01-26D15:42:18.200000000,CSCO,N,35.34,222
2024-01-26D15:43:25.014000000,NOK,O,31.86,1846
2024-01-26D15:43:46.425000000,IBM,N,43.72,4347
2024-01-26D15:43:58.032000000,ORCL,L,32.07,9191
2024-01-26D15:44:25.011000000,AAPL,L,25.33,1649
2024-01-26D15:44:36.953000000,MSFT,O,35.82,1118
2024-01-26D15:45:02.008000000,GOOG,O,40.7,253
2024-01-26D15:46:52.820000000,CSCO,O,35.35,358
2024-01-26D15:47:03.019000000,ORCL,L,32.1,433
2024-01-26D15:47:08.010000000,YHOO,N,35.14,5847
2024-01-26D15:47:23.273000000,CSCO,O,35.37,100
2024-01-26D15:47:27.163000000,ORCL,L,32.13,2079
2024-01-26D15:47:32.974000000,DELL,O,29.27,174
2024-01-26D15:48:20.794000000,YHOO,L,35.09,688
2024-01-26D15:48:25.023000000,ORCL,N,32.06,2216
2024-01-26D15:50:11.054000000,NOK,L,31.86,1542
2024-01-26D15:51:29.166000000,DELL,N,29.26,26
2024-01-26D15:51:33.682000000,GOOG,N,40.67,970
2024-01-26D15:51:53.741000000,YHOO,O,35.1,549
2024-01-26D15:52:27.005000000,IBM,L,43.77,1100
2024-01-26D15:52:28.797000000,CSCO,O,35.3,1322
2024-01-26D15:52:32.667000000,ORCL,L,32.1,602
2024-01-26D15:52:44.087000000,DELL,L,29.22,178
2024-01-26D15:53:37.090000000,IBM,L,43.74,2920
2024-01-26D15:53:53.195000000,YHOO,O,35.06,918
2024-01-26D15:54:01.331000000,NOK,N,31.85,5580
2024-01-26D15:55:18.493000000,IBM,N,43.71,5292
2024-01-26D15:56:06.831000000,MSFT,N,35.88,60
2024-01-26D15:56:08.784000000,YHOO,L,35.11,1257
2024-01-26D15:56:24.529000000,CSCO,N,35.24,671
2024-01-26D15:56:33.033000000,GOOG,N,40.64,1105
2024-01-26D15:56:56.811000000,GOOG,N,40.67,1465
2024-01-26D15:58:52.706000000,GOOG,L,40.67,4347
2024-01-26D15:59:08.447000000,AAPL,O,25.4,2855
2024-01-26D15:59:50.837000000,CSCO,O,35.29,1437
2024-01-26D16:00:00.525000000,NOK,O,31.82,5458
2024-01-26D16:00:27.428000000,GOOG,N,40.62,2066
2024-01-26D16:02:47.770000000,IBM,O,43.78,2226
2024-01-26D16:03:00.998000000,ORCL,N,32.01,3039
2024-01-26D16:03:36.703000000,DELL,N,29.22,2079
2024-01-26D16:03:50.167000000,CSCO,O,35.25,7916
2024-01-26D16:04:18.609000000,AAPL,L,25.27,160
2024-01-26D16:04:28.018000000,DELL,L,29.18,4011
2024-01-26D16:04:52.064000000,IBM,N,43.77,3391
2024-01-26D16:05:07.875000000,CSCO,N,35.19,446
2024-01-26D16:05:12.605000000,NOK,N,31.82,1223
2024-01-26D16:05:33.798000000,IBM,L,43.78,1544
2024-01-26D16:05:37.117000000,YHOO,N,35.11,2162
2024-01-26D16:06:12.627000000,ORCL,N,32.04,1397
2024-01-26D16:06:25.584000000,MSFT,N,35.82,633
2024-01-26D16:06:44.344000000,GOOG,L,40.57,1918
2024-01-26D16:06:57.563000000,DELL,N,29.17,2622
2024-01-26D16:07:01.360000000,DELL,N,29.19,970
2024-01-26D16:11:01.864000000,DELL,N,29.19,3697
2024-01-26D16:11:40.580000000,ORCL,O,32.07,8928
2024-01-26D16:12:22.673000000,AAPL,N,25.29,7234
2024-01-26D16:12:52.607000000,IBM,N,43.83,4454
2024-01-26D16:13:18.462000000,YHOO,L,35.09,5811
2024-01-26D16:13:19.389000000,MSFT,L,35.86,5471
2024-01-26D16:13:22.181000000,IBM,L,43.81,4869
2024-01-26D16:14:31.247000000,NOK,L,31.87,1081
2024-01-26D16:14:45.693000000,CSCO,L,35.18,581
2024-01-26D16:15:35.283000000,CSCO,O,35.2,3293
2024-01-26D16:15:40.287000000,CSCO,O,35.17,237
2024-01-26D16:16:19.789000000,DELL,N,29.16,3836
2024-01-26D16:17:09.623000000,CSCO,O,35.17,1589
2024-01-26D16:17:13.172000000,IBM,L,43.88,2560
2024-01-26D16:17:20.785000000,GOOG,N,40.57,6099
2024-01-26D16:17:47.142000000,NOK,O,31.84,6890
2024-01-26D16:19:31.705000000,GOOG,L,40.52,7713
2024-01-26D16:20:05.616000000,YHOO,N,35.02,1507
2024-01-26D16:20:34.579000000,AAPL,L,25.4,2001
2024-01-26D16:20:40.821000000,ORCL,O,32.1,2629
2024-01-26D16:21:00.041000000,NOK,L,31.84,7201
2024-01-26D16:21:07.666000000,IBM,O,43.82,3918
2024-01-26D16:21:23.394000000,MSFT,O,35.75,3732
2024-01-26D16:21:36.088000000,DELL,N,29.16,4312
2024-01-26D16:21:46.572000000,IBM,O,43.79,6588
2024-01-26D16:21:51.750000000,CSCO,L,35.25,4281
2024-01-26D16:22:49.230000000,YHOO,O,35.06,932
2024-01-26D16:22:56.713000000,DELL,L,29.15,3755
2024-01-26D16:22:56.806000000,CSCO,O,35.25,348
2024-01-26D16:24:57.953000000,AAPL,L,25.43,121
2024-01-26D16:25:29.511000000,DELL,O,29.16,356
2024-01-26D16:26:29.657000000,AAPL,L,25.43,477
2024-01-26D16:26:55.347000000,ORCL,N,32.12,2113
2024-01-26D16:27:27.733000000,DELL,O,29.19,6976
2024-01-26D16:28:06.569000000,GOOG,N,40.51,3521
2024-01-26D16:28:07.596000000,NOK,L,31.76,6261
2024-01-26D16:29:57.398000000,DELL,O,29.16,5102
